{
  "output": [
    "captured[light_exposure].transformed[weighted_mean]"
  ],
  "transformation": [
    "ident"
  ],
  "operator": "<",
  "threshold": 0.15,
  "sub_rules": [
    {
      "output": [
        "captured[light_background].transformed[weighted_mean]"
      ],
      "transformation": [
        "ident"
      ],
      "operator": ">",
      "threshold": 0.8,
      "message_key": "bright_background",
      "animation_key": "light_off"
    }
  ],
  "message_key": "underexposed_face",
  "animation_key": "light_on"
}